id,Age,Gender,Country,state,self_employed,family_history,treatment,remote_work,tech_company
0,37,Female,United States,IL,No,No,Yes,No,Yes
1,44,Male,United States,IN,No,No,No,No,No
2,32,Male,Others,Non US,No,No,No,No,Yes
3,31,Male,Others,Non US,No,Yes,Yes,No,Yes
4,31,Male,United States,TX,No,No,No,Yes,Yes
5,33,Male,United States,TN,No,Yes,No,No,Yes
6,35,Female,United States,MI,No,Yes,Yes,Yes,Yes
7,39,Male,Others,Non US,No,No,No,Yes,Yes
8,42,Female,United States,IL,No,Yes,Yes,No,Yes
9,23,Male,Others,Non US,No,No,No,No,Yes
10,31,Male,United States,OH,No,No,Yes,Yes,Yes
11,29,Male,Others,Non US,No,No,No,Yes,Yes
12,42,Female,United States,CA,No,Yes,Yes,No,No
13,36,Male,United States,CT,No,Yes,No,No,Yes
14,27,Male,Others,Non US,No,No,No,No,Yes
15,29,Female,United States,IL,No,Yes,Yes,No,Yes
16,23,Male,Others,Non US,No,No,Yes,Yes,Yes
17,32,Male,United States,TN,No,No,Yes,No,Yes
18,46,Male,United States,MD,Yes,Yes,No,Yes,Yes
19,36,Male,Others,Non US,Yes,Yes,No,Yes,Yes
20,29,Male,United States,NY,No,Yes,Yes,No,Yes
21,31,Male,United States,NC,Yes,No,No,Yes,Yes
22,46,Male,United States,MA,No,No,Yes,Yes,Yes
23,41,Male,United States,IA,No,No,Yes,No,No
24,33,Male,United States,CA,No,Yes,Yes,No,Yes
25,35,Male,United States,TN,No,Yes,Yes,No,No
26,33,Male,United States,TN,No,No,No,No,Yes
27,35,Female,United States,CA,No,Yes,Yes,Yes,Yes
28,34,Male,United States,OH,No,No,Yes,Yes,Yes
29,37,Male,Others,Non US,No,No,No,No,Yes
30,32,Male,Others,Non US,No,No,No,Yes,Yes
31,31,Male,United States,PA,Yes,Yes,No,Yes,Yes
32,30,Male,Others,Non US,No,Yes,Yes,Yes,Yes
33,42,Male,United States,WA,No,Yes,Yes,Yes,Yes
34,40,Female,United States,WI,No,No,Yes,No,Yes
35,27,Male,United States,NY,No,No,Yes,No,Yes
36,29,Male,Others,Non US,No,No,No,No,Yes
37,38,Male,Others,Non US,No,No,No,No,Yes
38,50,Male,United States,IN,No,No,No,No,Yes
39,35,Male,United States,TX,No,No,Yes,Yes,Yes
40,24,Male,Others,Non US,No,No,Yes,No,Yes
41,35,Male,United States,MI,No,No,No,Yes,Yes
42,27,Male,Others,Non US,No,Yes,Yes,No,Yes
43,18,Male,Others,Non US,No,No,No,No,Yes
44,30,Male,United States,IN,No,No,Yes,No,Yes
45,38,Female,United States,TX,No,Yes,Yes,No,Yes
46,28,Male,Others,Non US,No,No,No,No,Yes
47,34,Male,United States,TN,No,No,No,No,Yes
48,26,Male,Others,Non US,Yes,No,No,No,Yes
49,30,Male,United States,IL,No,Yes,Yes,No,Yes
50,22,Male,United States,TX,No,Yes,Yes,No,Yes
51,33,Male,United States,UT,No,No,No,Yes,Yes
53,32,Male,United States,TN,No,No,No,Yes,Yes
54,28,Male,Others,Non US,No,No,No,No,Yes
55,27,Others,United States,NY,No,Yes,Yes,No,Yes
56,32,Male,United States,TN,No,Yes,No,Yes,Yes
57,24,Male,United States,NY,No,Yes,Yes,Yes,Yes
58,26,Male,United States,TN,No,No,No,No,No
59,33,Male,Others,Non US,No,Yes,Yes,Yes,Yes
60,44,Male,United States,IA,No,Yes,Yes,No,No
61,26,Female,Others,Non US,No,No,Yes,Yes,Yes
62,27,Male,Others,Non US,No,No,No,No,Yes
63,26,Male,Others,Non US,No,No,No,No,Yes
64,35,Male,Others,Non US,No,No,No,No,Yes
65,40,Male,United States,CA,No,Yes,No,Yes,Yes
66,23,Female,Others,Non US,No,Yes,Yes,Yes,Yes
67,36,Male,United States,TX,No,No,No,Yes,Yes
68,31,Female,United States,NM,No,No,No,Yes,No
69,34,Male,United States,NY,Yes,No,No,Yes,Yes
70,28,Male,Others,Non US,No,No,No,No,Yes
71,34,Male,Others,Non US,No,No,No,No,Yes
72,23,Others,United States,MA,No,No,No,No,Yes
73,38,Male,Others,Non US,No,No,No,No,Yes
74,33,Male,United States,CA,No,No,No,No,Yes
75,19,Male,Others,Non US,No,No,No,No,Yes
76,25,Male,United States,WA,No,No,No,Yes,Yes
77,31,Male,United States,WA,Yes,Yes,No,Yes,Yes
78,32,Male,United States,UT,No,Yes,Yes,Yes,Yes
79,28,Male,Others,Non US,No,No,No,Yes,Yes
80,38,Male,United States,NY,No,Yes,No,Yes,Yes
81,23,Male,Others,Non US,No,No,No,No,Yes
82,30,Male,Others,Non US,No,No,No,No,No
83,27,Female,United States,NY,Yes,No,Yes,Yes,Yes
84,33,Male,United States,CA,No,Yes,No,No,Yes
85,31,Male,United States,TX,No,No,No,No,Yes
86,39,Male,Others,Non US,Yes,No,Yes,No,Yes
87,34,Female,United States,OR,No,Yes,Yes,Yes,Yes
88,29,Female,United States,FL,No,No,Yes,No,Yes
89,32,Male,United States,IL,No,No,No,No,Yes
90,31,Male,United States,NY,No,No,No,No,Yes
91,40,Male,United States,TX,No,No,Yes,No,Yes
92,34,Male,United States,OH,No,No,No,No,Yes
93,18,Others,Others,Non US,No,No,No,Yes,Yes
94,25,Female,Others,Non US,No,No,Yes,No,Yes
95,29,Male,United States,MN,No,No,No,No,Yes
96,24,Male,United States,MO,No,Yes,No,No,Yes
97,31,Male,Others,Non US,No,Yes,Yes,No,Yes
98,33,Male,United States,AZ,No,No,Yes,No,Yes
99,30,Male,United States,IN,No,No,Yes,No,Yes
100,26,Female,Others,Non US,No,Yes,Yes,No,No
101,44,Female,United States,MA,No,No,No,No,Yes
102,25,Male,United States,NY,No,Yes,No,No,Yes
103,33,Male,United States,WI,No,Yes,Yes,Yes,Yes
104,29,Male,United States,NY,No,No,No,No,Yes
105,35,Male,United States,MO,No,Yes,No,No,Yes
106,35,Male,United States,OR,No,Yes,Yes,Yes,Yes
107,28,Male,Others,Non US,No,Yes,Yes,No,Yes
108,34,Male,United States,TN,No,Yes,No,Yes,Yes
109,32,Male,United States,WA,No,No,Yes,No,Yes
110,22,Male,United States,NY,No,No,Yes,No,Yes
111,28,Male,United States,CA,No,No,Yes,No,Yes
112,45,Male,United States,MO,No,Yes,Yes,Yes,Yes
113,32,Male,United States,NY,No,No,No,No,Yes
114,28,Male,United States,TX,No,No,No,No,Yes
115,26,Male,Others,Non US,No,No,No,No,Yes
116,21,Male,Others,Non US,Yes,No,No,Yes,No
117,27,Male,Others,Non US,No,No,No,No,No
118,18,Male,United States,CT,No,No,Yes,Yes,Yes
119,35,Male,United States,CO,No,No,No,Yes,Yes
120,29,Male,United States,GA,No,No,No,No,Yes
121,25,Male,United States,DC,No,No,No,Yes,Yes
122,33,Male,United States,MN,No,Yes,Yes,Yes,Yes
123,36,Male,United States,WA,No,No,No,No,Yes
124,27,Male,Others,Non US,No,No,Yes,No,No
125,27,Male,United States,WA,No,Yes,No,No,Yes
126,27,Male,Others,Non US,No,No,No,No,Yes
127,32,Male,United States,OR,No,No,Yes,No,Yes
128,31,Male,Others,Non US,No,Yes,No,No,Yes
129,19,Male,Others,Non US,No,No,Yes,No,Yes
130,33,Male,United States,IL,No,Yes,Yes,No,Yes
131,32,Male,United States,CA,No,No,No,Yes,Yes
132,27,Male,United States,NE,No,No,No,No,Yes
133,38,Male,Others,Non US,No,No,No,Yes,Yes
134,24,Male,Others,Non US,No,No,Yes,No,Yes
135,39,Male,Others,Non US,No,No,No,No,No
136,28,Male,Others,Non US,No,No,No,No,Yes
137,39,Male,United States,IA,No,No,Yes,No,Yes
138,29,Female,United States,MD,No,No,No,No,Yes
139,22,Male,Others,Non US,No,No,No,Yes,Yes
140,38,Male,United States,OR,No,Yes,Yes,No,Yes
141,37,Male,Others,Non US,Yes,No,Yes,No,No
142,35,Male,United States,TX,No,No,No,Yes,No
144,30,Female,United States,PA,No,Yes,No,Yes,Yes
145,37,Male,United States,IN,No,Yes,Yes,No,No
146,24,Male,Others,Non US,No,No,No,No,Yes
147,23,Male,United States,WV,No,No,No,No,No
148,30,Male,Others,Non US,No,No,Yes,No,Yes
149,29,Female,United States,MI,No,No,No,Yes,Yes
150,19,Male,Others,Non US,Yes,Yes,No,Yes,Yes
151,32,Male,United States,CA,No,Yes,No,No,Yes
152,28,Male,Others,Non US,No,No,No,Yes,Yes
153,36,Male,United States,IL,No,No,No,No,Yes
154,37,Male,Others,Non US,No,Yes,Yes,No,No
155,25,Male,United States,IL,No,Yes,Yes,No,No
156,27,Male,United States,CA,No,Yes,Yes,No,Yes
157,26,Male,United States,OK,No,No,No,No,No
158,27,Male,United States,UT,No,No,Yes,Yes,Yes
159,25,Male,United States,IL,No,Yes,Yes,No,Yes
160,36,Male,Others,Non US,No,No,Yes,No,No
161,25,Female,United States,NY,No,Yes,Yes,No,Yes
162,31,Male,United States,CA,No,No,No,No,Yes
163,26,Male,United States,MA,No,Yes,No,No,Yes
164,33,Female,United States,WA,Yes,Yes,Yes,No,Yes
165,27,Female,Others,Non US,Yes,Yes,No,Yes,Yes
166,34,Male,United States,MN,No,No,No,No,Yes
167,42,Male,United States,CA,No,No,No,No,Yes
168,23,Male,Others,Non US,Yes,Yes,No,No,Yes
169,24,Male,Others,Non US,No,No,No,No,Yes
170,26,Male,Others,Non US,No,No,Yes,No,Yes
171,31,Male,Others,Non US,Yes,No,Yes,No,Yes
172,22,Male,Others,Non US,No,No,Yes,No,Yes
173,23,Female,United States,NC,No,No,No,No,Yes
174,34,Female,Others,Non US,No,Yes,Yes,No,No
175,31,Male,United States,MO,No,No,No,No,Yes
176,28,Male,Others,Non US,No,No,No,No,No
177,32,Female,United States,MA,No,No,Yes,Yes,Yes
178,45,Female,United States,CA,No,No,Yes,No,Yes
179,33,Male,United States,TX,No,No,No,Yes,Yes
180,29,Male,Others,Non US,No,No,No,Yes,Yes
181,26,Female,Others,Non US,Yes,No,No,No,No
182,28,Female,Others,Non US,No,No,No,No,Yes
183,45,Male,United States,CA,No,No,Yes,No,Yes
184,43,Male,United States,WA,No,Yes,Yes,Yes,Yes
185,37,Male,United States,MA,No,No,No,Yes,Yes
186,24,Male,Others,Non US,No,No,No,No,Yes
187,26,Male,Others,Non US,No,No,No,Yes,Yes
188,23,Male,Others,Non US,No,Yes,No,Yes,Yes
189,35,Female,United States,CA,No,Yes,Yes,No,Yes
190,38,Female,Others,Non US,Yes,Yes,Yes,Yes,Yes
191,28,Male,United States,MI,No,Yes,Yes,No,Yes
192,28,Male,Others,Non US,No,No,No,No,Yes
193,35,Male,United States,CA,No,No,Yes,No,Yes
194,32,Female,Others,Non US,No,No,No,No,Yes
195,31,Male,Others,Non US,Yes,Yes,No,No,Yes
196,35,Female,United States,NY,No,No,No,Yes,Yes
197,26,Male,United States,CA,No,No,No,No,Yes
198,27,Male,United States,TN,No,Yes,No,Yes,Yes
199,28,Male,Others,Non US,No,Yes,Yes,No,Yes
200,27,Female,United States,OR,No,Yes,Yes,No,Yes
201,34,Female,United States,MN,No,No,Yes,No,No
202,41,Male,United States,FL,No,No,Yes,Yes,Yes
203,37,Male,Others,Non US,No,No,No,No,Yes
204,34,Male,Others,Non US,No,Yes,No,Yes,Yes
205,32,Male,Others,Non US,No,Yes,Yes,Yes,Yes
206,21,Male,Others,Non US,No,No,Yes,Yes,Yes
207,30,Male,United States,MA,No,No,Yes,No,Yes
208,24,Male,United States,KS,No,No,No,No,Yes
209,26,Male,Others,Non US,No,No,No,No,Yes
210,40,Female,United States,DC,No,No,No,No,Yes
211,37,Male,Others,Non US,No,Yes,No,No,No
212,26,Male,Others,Non US,Yes,No,Yes,Yes,Yes
213,32,Female,United States,TX,No,Yes,Yes,No,Yes
214,32,Female,United States,MA,No,No,Yes,No,No
215,27,Female,United States,MI,Yes,Yes,Yes,Yes,Yes
216,30,Male,Others,Non US,Yes,No,Yes,Yes,Yes
217,31,Male,Others,Non US,Yes,No,No,No,Yes
218,29,Female,United States,NY,No,No,Yes,No,No
219,41,Male,United States,VA,No,No,No,No,Yes
220,34,Female,United States,WA,No,No,No,No,Yes
221,33,Male,Others,Non US,No,No,No,No,Yes
222,28,Male,United States,PA,No,No,No,No,Yes
223,28,Male,United States,MI,No,No,Yes,No,Yes
224,23,Male,United States,PA,No,No,No,No,Yes
225,24,Male,United States,OR,No,No,No,No,Yes
226,32,Male,United States,WA,No,No,No,Yes,Yes
227,34,Male,Others,Non US,Yes,No,No,Yes,Yes
228,24,Male,United States,PA,No,No,No,No,Yes
229,26,Male,Others,Non US,Yes,No,Yes,No,Yes
230,36,Male,United States,OH,No,No,Yes,No,Yes
231,41,Male,United States,TX,No,No,Yes,Yes,Yes
232,38,Male,Others,Non US,No,No,Yes,No,No
233,38,Male,United States,NH,No,No,No,Yes,Yes
234,30,Male,Others,Non US,No,No,No,No,Yes
235,25,Male,Others,Non US,No,No,No,No,Yes
236,37,Male,Others,Non US,No,Yes,Yes,No,Yes
237,34,Male,Others,Non US,No,Yes,No,No,Yes
238,37,Female,United States,NC,No,Yes,Yes,No,No
239,28,Female,Others,Non US,No,Yes,Yes,No,No
240,22,Male,Others,Non US,No,No,No,No,Yes
241,34,Male,United States,FL,No,Yes,Yes,No,Yes
242,33,Male,United States,CA,No,Yes,Yes,No,Yes
243,25,Male,Others,Non US,No,No,No,No,Yes
244,27,Male,United States,GA,No,No,No,Yes,Yes
245,40,Male,United States,OH,No,No,Yes,Yes,Yes
246,21,Male,United States,KY,No,No,Yes,No,No
247,29,Male,Others,Non US,No,No,No,No,No
248,32,Male,United States,NC,No,Yes,Yes,Yes,Yes
249,29,Female,United States,NY,No,Yes,Yes,Yes,No
250,23,Male,United States,AL,No,Yes,Yes,Yes,No
251,28,Male,United States,GA,No,Yes,No,No,Yes
252,31,Male,United States,CA,No,Yes,Yes,Yes,Yes
253,27,Male,Others,Non US,No,No,No,No,No
254,24,Male,United States,VA,No,No,No,No,Yes
255,29,Male,Others,Non US,No,No,No,No,Yes
256,23,Female,Others,Non US,No,No,Yes,No,Yes
257,42,Male,United States,WA,No,No,No,Yes,Yes
258,24,Male,Others,Non US,No,No,No,No,Yes
259,25,Male,Others,Non US,No,Yes,Yes,No,Yes
260,27,Female,United States,TX,No,No,Yes,No,Yes
261,27,Male,Others,Non US,No,No,No,Yes,Yes
262,30,Male,United States,FL,No,No,Yes,Yes,Yes
263,29,Male,Others,Non US,No,Yes,Yes,No,Yes
264,43,Male,Others,Non US,Yes,No,No,Yes,Yes
265,32,Male,United States,NV,No,No,No,No,Yes
266,41,Male,United States,AL,No,No,Yes,Yes,Yes
267,32,Male,Others,Non US,Yes,Yes,Yes,Yes,Yes
268,37,Female,United States,CA,No,Yes,Yes,No,Yes
269,32,Male,United States,CO,No,No,No,Yes,Yes
270,30,Male,Others,Non US,Yes,No,No,Yes,Yes
271,23,Female,United States,MN,No,Yes,Yes,No,No
272,30,Male,United States,NJ,No,No,No,No,Yes
273,34,Male,Others,Non US,No,No,No,No,Yes
274,38,Male,United States,PA,No,No,Yes,Yes,Yes
275,33,Male,Others,Non US,No,No,No,No,Yes
276,34,Male,United States,MO,No,No,No,No,No
277,28,Male,Others,Non US,No,No,No,No,Yes
278,28,Male,United States,MN,No,No,Yes,No,No
279,23,Male,United States,PA,No,Yes,No,No,Yes
280,22,Male,Others,Non US,Yes,Yes,Yes,Yes,Yes
281,27,Male,Others,Non US,No,No,No,No,Yes
282,18,Male,United States,TX,No,No,Yes,No,Yes
283,35,Male,United States,NY,No,Yes,Yes,No,Yes
284,25,Male,Others,Non US,No,No,No,No,No
285,27,Male,Others,Non US,No,Yes,Yes,No,Yes
286,26,Female,United States,WA,No,Yes,Yes,No,Yes
287,18,Male,United States,WA,No,No,No,No,Yes
288,38,Female,United States,TX,No,No,Yes,No,Yes
289,26,Female,United States,TX,No,Yes,Yes,Yes,Yes
290,30,Male,Others,Non US,Yes,No,No,No,Yes
291,35,Male,United States,CA,No,No,No,No,Yes
292,45,Male,United States,NY,No,Yes,Yes,No,Yes
293,32,Male,United States,CA,No,No,No,No,Yes
295,24,Female,United States,CA,No,No,No,No,Yes
296,30,Female,United States,SC,No,Yes,Yes,No,Yes
297,60,Male,United States,CA,No,No,No,No,Yes
298,33,Male,United States,CA,No,Yes,Yes,No,Yes
299,37,Male,United States,NY,No,No,No,No,Yes
300,23,Female,United States,NY,No,No,Yes,No,Yes
301,31,Female,United States,CA,No,No,Yes,No,Yes
302,26,Male,United States,MA,No,No,No,No,Yes
303,28,Female,United States,WA,No,Yes,Yes,Yes,No
304,37,Female,United States,CA,No,No,Yes,No,Yes
305,26,Male,Others,Non US,No,Yes,Yes,No,Yes
306,30,Female,United States,IL,No,Yes,Yes,No,Yes
307,26,Male,United States,IN,No,No,No,No,Yes
308,25,Male,United States,OR,No,No,No,Yes,Yes
309,27,Male,United States,TN,No,No,No,No,Yes
310,25,Male,Others,Non US,No,No,Yes,Yes,No
311,35,Male,United States,OR,No,No,Yes,No,Yes
312,36,Male,United States,WA,Yes,No,Yes,No,Yes
313,26,Male,United States,CA,No,Yes,Yes,No,Yes
314,27,Male,United States,CA,No,Yes,No,No,Yes
315,30,Male,United States,VT,No,No,No,No,No
316,29,Male,United States,NY,No,No,No,No,No
317,25,Male,United States,UT,No,No,No,No,No
318,22,Female,United States,NY,No,Yes,Yes,No,Yes
319,29,Male,Others,Non US,No,No,No,No,Yes
320,41,Male,United States,SD,No,Yes,Yes,Yes,Yes
321,29,Male,United States,CA,No,No,Yes,No,Yes
322,32,Male,United States,OR,No,No,No,No,Yes
323,24,Female,United States,CA,No,Yes,Yes,No,Yes
324,25,Male,United States,CA,No,No,Yes,No,Yes
325,25,Male,United States,CA,No,No,No,No,Yes
326,30,Female,United States,CO,No,No,No,No,Yes
327,25,Male,United States,CA,No,Yes,Yes,No,Yes
328,30,Male,United States,OH,Yes,No,No,Yes,Yes
329,33,Male,Others,Non US,Yes,Yes,Yes,No,No
330,24,Male,United States,WA,No,No,No,No,Yes
331,25,Male,Others,Non US,No,Yes,Yes,No,Yes
332,31,Male,United States,OH,No,No,No,No,No
333,45,Male,Others,Non US,Yes,No,Yes,No,Yes
334,29,Male,Others,Non US,No,No,No,Yes,No
335,46,Male,United States,WA,No,No,No,No,Yes
336,30,Male,Others,Non US,No,No,Yes,No,Yes
337,29,Female,United States,CA,Yes,No,No,No,Yes
338,24,Male,United States,MA,No,No,No,No,Yes
339,29,Male,United States,WA,No,No,No,No,Yes
340,35,Male,United States,MI,No,No,No,No,No
341,33,Female,United States,WA,No,Yes,No,Yes,Yes
342,27,Male,United States,CA,No,No,No,No,Yes
343,36,Male,United States,IA,No,No,No,No,Yes
344,33,Male,Others,Non US,No,No,No,Yes,Yes
345,25,Female,United States,WA,No,Yes,Yes,No,Yes
346,23,Male,United States,AL,No,Yes,Yes,No,No
347,54,Male,United States,CA,No,Yes,Yes,No,Yes
348,22,Male,United States,CA,No,No,No,No,Yes
349,25,Others,United States,CA,No,Yes,Yes,No,Yes
350,29,Male,Others,Non US,No,No,No,No,No
351,27,Male,United States,MA,No,No,Yes,No,Yes
352,30,Male,Others,Non US,No,No,No,No,Yes
353,26,Male,United States,CA,No,Yes,Yes,No,Yes
354,25,Female,Others,Non US,No,Yes,No,No,Yes
355,31,Male,United States,CA,No,No,Yes,No,No
356,33,Male,United States,IN,No,Yes,Yes,No,Yes
357,34,Male,United States,WA,No,Yes,Yes,No,Yes
358,34,Male,United States,WA,No,No,Yes,Yes,Yes
359,29,Male,United States,IN,Yes,No,No,Yes,Yes
360,33,Female,United States,WA,No,No,No,No,Yes
361,34,Male,Others,Non US,Yes,Yes,Yes,Yes,Yes
362,26,Male,United States,OK,Yes,Yes,Yes,Yes,No
363,32,Male,United States,MI,No,Yes,Yes,No,No
365,28,Male,United States,GA,No,Yes,Yes,No,Yes
366,35,Male,United States,CA,No,Yes,No,No,Yes
368,21,Male,United States,IN,No,Yes,Yes,No,Yes
369,21,Male,Others,Non US,No,No,Yes,No,No
370,22,Female,United States,WA,No,No,No,No,Yes
371,41,Male,United States,WA,No,Yes,Yes,No,Yes
372,55,Male,United States,PA,No,Yes,Yes,No,Yes
373,32,Female,United States,WA,No,No,Yes,No,Yes
374,21,Female,United States,CA,No,Yes,Yes,No,Yes
375,45,Male,United States,MA,No,No,Yes,Yes,Yes
376,27,Female,United States,WA,No,No,Yes,No,Yes
377,25,Female,United States,WA,No,Yes,Yes,Yes,Yes
378,34,Female,United States,NY,No,Yes,Yes,No,No
379,26,Female,United States,CA,No,Yes,Yes,No,Yes
380,41,Male,Others,Non US,No,No,Yes,No,Yes
381,27,Male,United States,CA,No,No,Yes,No,Yes
382,31,Male,United States,IN,No,Yes,Yes,Yes,Yes
383,25,Male,Others,Non US,No,Yes,Yes,Yes,Yes
384,26,Male,United States,NV,No,No,Yes,No,Yes
385,27,Female,United States,CO,No,Yes,Yes,Yes,Yes
386,42,Male,Others,Non US,No,No,No,No,Yes
387,29,Others,United States,CA,Yes,Yes,Yes,Yes,Yes
388,25,Female,United States,CA,No,No,Yes,No,Yes
389,33,Female,Others,Non US,No,Yes,Yes,No,Yes
391,40,Female,United States,PA,No,Yes,Yes,No,No
392,31,Male,United States,SC,No,No,No,No,Yes
393,26,Male,Others,Non US,No,Yes,Yes,Yes,Yes
394,24,Female,United States,TX,No,Yes,No,No,No
395,29,Male,United States,TX,No,No,No,No,No
396,48,Male,Others,Non US,No,No,No,No,Yes
397,35,Male,Others,Non US,No,No,No,No,Yes
398,32,Female,United States,AL,No,No,No,No,Yes
399,29,Male,Others,Non US,No,No,Yes,No,Yes
400,26,Male,United States,OR,No,Yes,Yes,No,Yes
401,28,Male,United States,NJ,No,Yes,Yes,No,Yes
402,23,Male,United States,CA,No,No,No,No,Yes
403,35,Male,United States,CA,No,Yes,Yes,No,Yes
404,29,Male,Others,Non US,No,Yes,Yes,No,Yes
405,26,Male,United States,CA,No,Yes,No,No,Yes
406,33,Male,United States,NH,No,Yes,Yes,Yes,Yes
407,33,Male,United States,CA,No,No,No,Yes,Yes
408,22,Male,Others,Non US,Yes,No,No,Yes,Yes
409,30,Female,Others,Non US,No,Yes,No,No,Yes
410,33,Male,United States,OH,No,Yes,Yes,Yes,Yes
411,31,Female,United States,OH,No,Yes,Yes,No,No
412,21,Male,United States,MA,No,Yes,No,No,Yes
413,31,Others,Others,Non US,No,Yes,Yes,No,Yes
414,26,Female,United States,OK,No,No,Yes,Yes,Yes
415,30,Male,United States,CA,No,Yes,No,No,Yes
416,30,Others,Others,Non US,No,Yes,Yes,No,Yes
417,23,Male,Others,Non US,No,No,No,No,Yes
418,34,Male,Others,Non US,No,No,No,No,Yes
419,55,Male,United States,ID,No,Yes,Yes,Yes,Yes
420,28,Male,Others,Non US,No,Yes,Yes,Yes,Yes
421,26,Male,Others,Non US,No,No,No,Yes,Yes
422,28,Male,Others,Non US,No,Yes,Yes,Yes,Yes
423,32,Male,Others,Non US,No,Yes,Yes,No,Yes
424,28,Female,United States,NY,No,No,Yes,No,No
425,21,Male,United States,CA,No,No,No,No,No
426,24,Male,United States,TX,No,Yes,Yes,No,Yes
427,26,Female,United States,MD,No,No,No,No,No
428,23,Male,United States,IN,No,No,No,No,No
429,24,Female,United States,OR,No,No,No,No,Yes
430,28,Male,Others,Non US,Yes,No,No,Yes,Yes
431,24,Female,United States,NY,No,Yes,Yes,No,Yes
432,33,Male,United States,MS,Yes,No,Yes,Yes,Yes
433,34,Male,United States,NJ,No,No,No,No,Yes
434,27,Female,United States,CA,No,No,Yes,No,Yes
435,28,Male,United States,TN,No,No,No,No,Yes
436,26,Male,United States,WA,No,No,No,No,Yes
437,20,Male,Others,Non US,No,No,No,Yes,Yes
438,23,Female,United States,MA,No,No,Yes,No,Yes
439,29,Male,United States,PA,No,Yes,Yes,Yes,Yes
440,26,Male,Others,Non US,No,Yes,No,No,Yes
441,36,Male,United States,KY,No,No,No,Yes,Yes
442,41,Male,United States,PA,No,No,Yes,No,Yes
443,33,Female,United States,MA,No,No,No,Yes,Yes
444,23,Male,Others,Non US,No,Yes,Yes,No,Yes
445,39,Male,United States,CA,No,Yes,No,No,Yes
446,34,Male,United States,VT,No,Yes,No,No,Yes
447,26,Female,United States,CA,No,No,Yes,No,Yes
448,24,Male,United States,AZ,No,No,Yes,No,Yes
449,37,Male,Others,Non US,No,Yes,Yes,No,No
450,43,Male,United States,MA,Yes,Yes,Yes,Yes,Yes
451,40,Others,United States,VA,No,Yes,No,No,Yes
452,30,Male,United States,WA,No,Yes,Yes,No,Yes
453,34,Male,United States,CA,No,No,Yes,No,Yes
454,27,Male,United States,OR,No,Yes,Yes,No,Yes
455,36,Male,United States,MI,No,No,No,No,Yes
456,27,Male,Others,Non US,No,No,No,No,Yes
457,35,Male,Others,Non US,No,Yes,No,No,Yes
458,32,Male,Others,Non US,No,No,No,No,Yes
459,37,Male,United States,OR,No,No,No,No,Yes
460,29,Male,Others,Non US,No,No,No,No,Yes
461,33,Female,United States,CA,No,No,No,No,Yes
462,28,Male,United States,UT,No,No,No,Yes,Yes
463,26,Female,United States,CA,No,Yes,No,No,Yes
464,27,Male,United States,TX,No,Yes,Yes,Yes,Yes
465,38,Male,Others,Non US,Yes,No,Yes,Yes,Yes
466,57,Male,United States,CA,No,Yes,Yes,No,Yes
467,28,Male,Others,Non US,No,No,Yes,No,Yes
468,26,Male,Others,Non US,No,No,No,No,Yes
469,42,Female,Others,Non US,No,No,Yes,Yes,Yes
470,31,Male,United States,OR,No,No,Yes,Yes,Yes
471,58,Male,United States,CA,No,No,Yes,No,Yes
472,29,Male,United States,OH,No,No,No,No,Yes
473,39,Female,Others,Non US,No,No,Yes,No,Yes
474,34,Male,United States,OH,No,No,No,Yes,Yes
475,57,Male,United States,CA,No,No,Yes,No,Yes
476,27,Male,Others,Non US,No,Yes,Yes,No,Yes
477,23,Male,Others,Non US,Yes,Yes,Yes,Yes,Yes
478,18,Male,Others,Non US,No,No,No,Yes,No
479,30,Female,United States,NY,No,No,No,No,Yes
480,23,Male,United States,VA,No,No,No,No,No
481,43,Male,United States,CA,No,No,Yes,No,Yes
482,18,Female,Others,Non US,No,Yes,Yes,Yes,Yes
483,29,Male,United States,IL,No,No,Yes,No,Yes
484,48,Male,United States,TX,No,No,No,No,Yes
485,43,Male,Others,Non US,No,No,Yes,No,No
486,28,Female,United States,NY,No,Yes,Yes,No,Yes
487,30,Male,United States,CA,Yes,Yes,Yes,Yes,Yes
488,26,Male,Others,Non US,No,No,No,No,Yes
489,33,Male,Others,Non US,No,No,No,No,No
490,31,Male,United States,CA,No,No,No,No,Yes
491,30,Male,United States,PA,No,No,No,No,No
492,27,Male,Others,Non US,No,No,No,No,Yes
493,24,Female,United States,CA,Yes,Yes,Yes,Yes,Yes
494,25,Male,United States,WA,No,No,No,No,Yes
495,23,Female,United States,NY,No,Yes,Yes,No,Yes
496,36,Male,United States,TX,No,No,Yes,No,No
497,25,Female,United States,CA,Yes,Yes,Yes,Yes,Yes
498,54,Male,Others,Non US,No,No,Yes,Yes,No
499,34,Male,Others,Non US,No,No,No,No,Yes
500,38,Female,United States,AZ,No,No,Yes,No,Yes
501,40,Male,Others,Non US,Yes,Yes,No,No,Yes
502,32,Male,Others,Non US,No,No,No,No,Yes
503,25,Male,Others,Non US,No,No,No,No,No
504,35,Female,United States,OH,No,No,Yes,No,Yes
505,46,Male,United States,CA,No,No,Yes,No,Yes
506,42,Male,United States,KS,No,No,No,No,No
507,32,Male,Others,Non US,No,Yes,Yes,Yes,Yes
508,47,Male,United States,CA,No,Yes,Yes,No,Yes
509,22,Male,United States,CA,No,No,No,No,Yes
510,33,Female,United States,NY,No,No,Yes,Yes,Yes
511,25,Female,United States,WA,No,No,No,No,Yes
512,29,Male,United States,CA,No,No,No,No,Yes
513,39,Male,United States,WA,No,No,No,No,Yes
514,38,Male,United States,VA,No,Yes,Yes,No,Yes
515,43,Male,United States,NC,No,No,No,Yes,Yes
516,46,Male,United States,OH,No,No,Yes,Yes,Yes
517,38,Female,United States,PA,No,Yes,Yes,No,No
518,33,Male,Others,Non US,No,No,Yes,No,Yes
519,34,Male,Others,Non US,No,Yes,Yes,No,Yes
520,62,Male,United States,CA,No,No,No,No,Yes
521,23,Female,United States,TX,No,No,No,No,No
522,35,Male,United States,AZ,No,No,No,No,No
523,25,Male,Others,Non US,No,Yes,No,Yes,Yes
524,36,Male,United States,IL,Yes,Yes,Yes,Yes,Yes
526,24,Male,Others,Non US,Yes,No,No,No,Yes
527,51,Male,Others,Non US,No,No,Yes,Yes,Yes
528,29,Male,United States,NC,No,No,Yes,No,Yes
529,31,Female,Others,Non US,Yes,Yes,Yes,Yes,Yes
530,27,Male,Others,Non US,No,No,No,No,Yes
531,31,Male,Others,Non US,No,No,Yes,No,Yes
532,27,Female,Others,Non US,Yes,Yes,No,Yes,Yes
533,23,Male,Others,Non US,No,No,No,No,Yes
534,21,Male,Others,Non US,No,No,No,No,Yes
535,27,Female,Others,Non US,No,Yes,Yes,No,Yes
536,39,Male,United States,WI,No,Yes,Yes,Yes,Yes
537,26,Male,United States,CA,No,Yes,Yes,No,Yes
538,27,Male,Others,Non US,No,No,No,No,Yes
539,22,Female,United States,CA,No,Yes,Yes,No,Yes
540,26,Female,United States,MN,No,Yes,Yes,No,No
541,31,Female,United States,PA,No,Yes,Yes,No,Yes
542,32,Male,Others,Non US,No,No,No,No,Yes
543,28,Female,United States,CA,No,Yes,Yes,Yes,Yes
544,28,Others,Others,Non US,No,Yes,Yes,No,Yes
545,23,Female,Others,Non US,No,No,No,No,Yes
546,30,Male,Others,Non US,No,No,No,Yes,Yes
547,36,Male,United States,CA,No,Yes,Yes,No,Yes
548,21,Male,United States,CA,No,Yes,No,No,Yes
549,30,Male,Others,Non US,No,No,No,No,Yes
550,25,Female,United States,CA,No,Yes,No,No,No
551,32,Male,Others,Non US,No,No,Yes,No,Yes
552,29,Female,Others,Non US,No,No,Yes,No,Yes
553,21,Others,Others,Non US,No,No,Yes,No,Yes
554,27,Female,Others,Non US,No,Yes,Yes,Yes,Yes
555,32,Female,Others,Non US,No,No,Yes,No,No
556,34,Male,Others,Non US,No,No,No,No,Yes
557,33,Male,United States,NY,No,No,No,No,Yes
558,22,Male,Others,Non US,No,Yes,Yes,Yes,Yes
559,24,Male,United States,CA,No,No,No,No,Yes
560,65,Male,United States,FL,Yes,No,No,Yes,No
561,27,Male,United States,OR,No,Yes,Yes,Yes,Yes
562,33,Male,Others,Non US,No,No,No,No,Yes
563,36,Male,United States,CO,No,No,Yes,No,Yes
564,40,Male,Others,Non US,No,No,No,No,Yes
565,28,Male,United States,GA,No,No,Yes,No,Yes
566,39,Male,United States,OR,No,No,Yes,No,Yes
567,32,Male,United States,CA,No,No,Yes,No,Yes
568,31,Male,United States,CA,No,Yes,No,No,Yes
569,38,Male,United States,PA,No,Yes,Yes,No,Yes
570,23,Male,United States,CA,No,Yes,Yes,No,Yes
571,42,Male,United States,CA,No,No,Yes,No,Yes
572,27,Female,United States,NY,No,No,No,No,Yes
573,26,Female,United States,MA,No,Yes,Yes,No,Yes
575,37,Male,United States,PA,No,Yes,No,No,Yes
576,23,Male,United States,RI,No,No,No,No,Yes
577,33,Male,United States,MI,No,Yes,No,Yes,Yes
578,29,Male,Others,Non US,Yes,No,No,Yes,Yes
579,34,Male,United States,IL,No,Yes,Yes,Yes,No
580,41,Male,United States,CA,No,Yes,Yes,No,Yes
581,50,Male,United States,OR,No,Yes,No,Yes,Yes
582,29,Male,Others,Non US,No,No,Yes,No,No
583,35,Male,United States,IN,No,No,No,No,Yes
584,27,Male,Others,Non US,No,No,No,Yes,Yes
585,40,Female,United States,MA,No,No,No,No,No
586,27,Male,Others,Non US,No,No,Yes,Yes,Yes
587,29,Female,United States,MI,No,No,No,No,Yes
588,31,Male,United States,OH,No,Yes,Yes,No,Yes
589,43,Male,United States,OH,No,No,Yes,No,Yes
590,34,Male,United States,NH,No,Yes,Yes,Yes,Yes
591,29,Male,United States,OH,No,Yes,Yes,No,Yes
592,19,Male,Others,Non US,No,Yes,Yes,No,Yes
593,41,Male,United States,TN,No,Yes,Yes,No,Yes
594,29,Male,United States,OR,No,Yes,No,No,Yes
595,23,Male,United States,PA,No,No,No,No,Yes
597,31,Male,United States,NY,No,No,No,Yes,Yes
598,43,Male,United States,WA,No,No,No,Yes,Yes
599,31,Male,United States,NY,No,Yes,Yes,No,Yes
600,29,Male,United States,CA,No,Yes,No,No,Yes
601,35,Male,United States,TN,Yes,Yes,No,Yes,Yes
602,33,Male,United States,WI,No,Yes,Yes,No,No
603,30,Female,United States,WI,Yes,Yes,Yes,Yes,No
604,27,Male,United States,PA,No,No,No,No,Yes
605,32,Male,United States,MI,No,No,No,No,Yes
606,50,Male,United States,WY,No,No,No,Yes,Yes
607,24,Male,United States,KY,No,No,No,No,No
608,27,Male,United States,NY,No,No,No,No,Yes
609,27,Male,Others,Non US,No,No,No,Yes,Yes
610,32,Male,United States,TX,No,No,Yes,No,Yes
611,42,Male,United States,WI,Yes,No,No,Yes,No
612,37,Male,United States,WA,No,No,No,No,No
613,30,Male,Others,Non US,No,No,No,No,Yes
614,29,Male,United States,WA,No,No,No,No,Yes
615,30,Male,United States,GA,Yes,No,Yes,Yes,Yes
616,35,Male,United States,MI,No,No,No,No,Yes
617,35,Male,United States,MD,No,Yes,Yes,Yes,No
618,38,Male,Others,Non US,No,Yes,No,Yes,Yes
619,22,Male,Others,Non US,No,Yes,Yes,No,Yes
620,24,Male,Others,Non US,No,Yes,No,No,Yes
621,22,Male,Others,Non US,Yes,No,No,No,Yes
622,31,Female,United States,WA,No,No,Yes,Yes,Yes
623,23,Female,United States,CA,No,Yes,Yes,No,Yes
624,31,Female,United States,OR,No,Yes,Yes,No,Yes
625,28,Female,United States,CA,No,Yes,Yes,No,Yes
626,37,Others,Others,Non US,No,Yes,Yes,No,No
627,34,Male,United States,CA,Yes,Yes,Yes,No,Yes
628,32,Others,Others,Non US,No,No,No,Yes,Yes
629,28,Male,United States,MI,No,Yes,Yes,Yes,Yes
630,24,Female,Others,Non US,No,No,Yes,No,Yes
631,56,Male,United States,MA,No,Yes,Yes,No,Yes
632,31,Male,Others,Non US,No,No,No,Yes,Yes
633,34,Female,United States,CA,No,No,Yes,Yes,Yes
634,35,Male,Others,Non US,No,No,Yes,No,No
635,28,Male,Others,Non US,No,No,No,No,Yes
636,36,Male,Others,Non US,Yes,Yes,Yes,No,Yes
637,30,Male,Others,Non US,No,No,Yes,No,Yes
639,49,Male,Others,Non US,Yes,Yes,Yes,Yes,Yes
640,36,Male,Others,Non US,No,No,No,No,Yes
641,35,Male,Others,Non US,No,No,No,No,Yes
642,29,Female,Others,Non US,No,Yes,Yes,No,No
643,57,Male,United States,CA,No,No,No,No,Yes
644,31,Female,Others,Non US,No,Yes,Yes,No,No
645,37,Male,Others,Non US,Yes,No,No,No,Yes
646,25,Male,Others,Non US,No,Yes,Yes,No,Yes
647,30,Male,Others,Non US,No,No,No,No,Yes
648,26,Female,Others,Non US,No,Yes,No,No,No
649,22,Female,Others,Non US,No,No,No,No,Yes
650,39,Male,United States,FL,No,No,No,Yes,No
651,29,Male,Others,Non US,No,Yes,Yes,No,Yes
652,54,Male,Others,Non US,Yes,Yes,Yes,Yes,Yes
653,34,Female,Others,Non US,No,Yes,No,No,No
654,32,Male,United States,WA,No,No,Yes,No,No
655,25,Male,Others,Non US,No,No,No,No,Yes
656,29,Male,Others,Non US,No,No,No,No,Yes
657,32,Male,Others,Non US,Yes,No,No,Yes,Yes
658,30,Male,Others,Non US,No,Yes,Yes,No,Yes
659,31,Male,Others,Non US,No,No,No,No,Yes
660,20,Female,Others,Non US,No,No,No,No,Yes
661,27,Male,Others,Non US,No,No,No,No,Yes
662,32,Male,United States,CA,No,No,No,No,Yes
663,26,Male,Others,Non US,Yes,No,No,Yes,Yes
664,30,Male,Others,Non US,No,No,No,No,No
665,30,Male,Others,Non US,No,No,Yes,Yes,Yes
666,22,Male,Others,Non US,Yes,No,No,Yes,Yes
667,24,Male,Others,Non US,No,No,No,No,Yes
668,26,Male,Others,Non US,No,No,No,No,Yes
669,43,Male,Others,Non US,No,No,No,No,Yes
670,26,Male,Others,Non US,No,No,No,No,Yes
671,23,Male,United States,NC,No,Yes,No,No,Yes
672,26,Male,Others,Non US,No,No,No,Yes,Yes
673,26,Female,Others,Non US,No,Yes,No,No,Yes
674,35,Male,Others,Non US,No,Yes,No,No,Yes
675,28,Male,United States,IL,No,No,Yes,Yes,No
676,22,Male,Others,Non US,No,No,No,No,Yes
677,29,Female,United States,OH,No,Yes,Yes,No,Yes
678,29,Male,Others,Non US,Yes,No,No,No,Yes
679,45,Male,United States,VA,No,No,Yes,Yes,Yes
680,33,Male,Others,Non US,No,No,Yes,Yes,Yes
681,38,Male,United States,MN,No,No,Yes,No,No
682,19,Others,United States,MO,No,Yes,Yes,No,No
683,29,Female,Others,Non US,No,No,Yes,Yes,No
684,21,Female,Others,Non US,No,No,No,No,Yes
685,23,Female,Others,Non US,No,Yes,Yes,No,Yes
686,33,Female,United States,NC,No,Yes,Yes,No,Yes
687,49,Male,United States,NY,No,Yes,Yes,No,Yes
688,28,Male,United States,NM,No,No,No,Yes,Yes
689,27,Female,Others,Non US,No,No,Yes,Yes,Yes
690,23,Male,Others,Non US,No,No,Yes,No,Yes
691,29,Male,Others,Non US,No,No,No,Yes,Yes
692,30,Male,Others,Non US,No,No,No,No,Yes
693,28,Female,Others,Non US,No,No,No,No,Yes
694,32,Male,Others,Non US,No,No,No,No,Yes
695,32,Male,Others,Non US,No,No,Yes,No,No
696,37,Male,Others,Non US,No,No,No,No,Yes
697,39,Female,United States,TX,No,No,No,Yes,No
698,31,Male,Others,Non US,No,No,No,No,Yes
699,29,Male,United States,SC,No,No,No,No,Yes
700,30,Male,United States,FL,No,No,No,No,No
701,33,Male,United States,WA,Yes,Yes,Yes,Yes,Yes
702,37,Male,United States,CA,No,Yes,Yes,No,Yes
703,23,Male,United States,OH,No,No,Yes,No,No
704,43,Male,United States,TN,No,Yes,Yes,No,No
705,32,Male,Others,Non US,No,No,Yes,No,Yes
706,26,Male,United States,NY,No,No,No,No,Yes
707,32,Male,United States,NY,Yes,No,Yes,Yes,Yes
708,37,Female,United States,MO,No,No,No,Yes,Yes
709,29,Male,United States,NY,No,No,Yes,No,Yes
710,34,Male,Others,Non US,No,No,No,No,Yes
711,27,Male,Others,Non US,No,No,No,No,Yes
712,30,Male,United States,TN,No,Yes,No,No,Yes
713,29,Male,United States,CO,No,No,No,No,Yes
714,32,Male,United States,PA,Yes,Yes,Yes,Yes,Yes
716,25,Male,Others,Non US,No,No,No,No,Yes
717,37,Male,United States,NY,Yes,No,No,Yes,Yes
718,29,Male,Others,Non US,No,Yes,No,No,Yes
719,27,Male,United States,MN,No,No,No,No,Yes
720,33,Male,Others,Non US,No,No,No,No,Yes
721,30,Male,Others,Non US,No,Yes,Yes,No,No
722,29,Male,Others,Non US,No,No,No,Yes,Yes
723,25,Male,United States,MO,No,Yes,Yes,Yes,Yes
724,33,Male,United States,WY,No,Yes,Yes,No,No
725,31,Male,Others,Non US,No,No,No,Yes,Yes
726,21,Male,Others,Non US,No,No,No,Yes,Yes
727,30,Male,Others,Non US,No,Yes,Yes,No,Yes
728,29,Male,United States,MN,No,No,No,No,No
729,43,Male,Others,Non US,Yes,No,Yes,Yes,Yes
730,37,Male,Others,Non US,No,No,Yes,No,Yes
731,24,Male,Others,Non US,No,No,No,No,Yes
732,29,Male,United States,MD,No,No,No,Yes,Yes
733,31,Male,United States,KY,No,No,No,No,No
734,5,Male,United States,OH,No,No,No,No,Yes
735,33,Male,Others,Non US,Yes,No,No,No,No
736,43,Male,United States,NY,No,No,No,No,No
737,33,Male,Others,Non US,No,No,Yes,No,Yes
738,27,Male,Others,Non US,No,No,No,No,Yes
739,36,Male,United States,TN,No,Yes,Yes,Yes,No
740,37,Male,Others,Non US,No,Yes,Yes,No,Yes
741,32,Male,Others,Non US,No,No,No,No,Yes
742,39,Male,Others,Non US,No,No,Yes,No,Yes
743,31,Male,United States,TX,No,Yes,Yes,No,Yes
744,36,Male,United States,OH,No,No,Yes,Yes,Yes
745,30,Male,United States,TX,Yes,No,Yes,Yes,Yes
746,28,Male,Others,Non US,No,No,No,No,Yes
747,32,Male,Others,Non US,No,No,No,No,Yes
748,35,Male,United States,CA,No,Yes,Yes,No,Yes
749,19,Male,Others,Non US,No,No,Yes,No,Yes
750,33,Male,Others,Non US,No,Yes,No,No,Yes
751,42,Male,Others,Non US,No,No,No,Yes,Yes
752,37,Male,United States,MI,No,Yes,Yes,No,Yes
753,40,Male,Others,Non US,Yes,No,No,No,Yes
754,36,Male,United States,CA,No,No,No,No,Yes
755,29,Female,United States,OR,No,Yes,Yes,Yes,No
756,38,Female,United States,NC,No,Yes,Yes,No,No
757,26,Male,United States,CA,No,Yes,Yes,No,Yes
758,34,Male,Others,Non US,No,No,No,No,Yes
759,21,Male,United States,IL,No,No,Yes,No,No
760,31,Male,Others,Non US,Yes,Yes,No,Yes,Yes
761,37,Female,United States,CA,No,Yes,Yes,No,No
762,37,Male,Others,Non US,No,Yes,Yes,No,Yes
763,38,Male,Others,Non US,No,Yes,Yes,No,Yes
764,27,Female,United States,CA,No,No,Yes,No,Yes
765,39,Male,Others,Non US,Yes,No,No,No,Yes
766,33,Female,United States,AZ,Yes,Yes,Yes,No,Yes
767,27,Male,Others,Non US,No,No,No,No,Yes
768,36,Female,United States,CA,No,No,Yes,Yes,Yes
769,28,Male,Others,Non US,No,No,No,No,Yes
770,39,Male,Others,Non US,No,No,Yes,No,No
771,33,Male,United States,VA,Yes,Yes,Yes,Yes,Yes
772,32,Male,Others,Non US,No,No,No,No,No
773,28,Male,Others,Non US,No,No,No,No,No
774,37,Male,Others,Non US,No,Yes,Yes,No,Yes
775,39,Male,Others,Non US,No,No,Yes,No,No
776,43,Male,United States,VA,No,No,No,Yes,Yes
777,32,Others,Others,Non US,No,No,Yes,No,No
778,27,Female,United States,WA,No,No,No,No,Yes
779,31,Female,Others,Non US,No,No,No,No,Yes
780,43,Male,Others,Non US,No,No,Yes,No,Yes
781,33,Male,United States,WI,No,No,Yes,Yes,Yes
782,34,Male,Others,Non US,No,Yes,Yes,No,Yes
783,33,Male,United States,CA,Yes,No,No,No,Yes
784,25,Male,United States,CA,No,No,No,No,Yes
785,25,Male,United States,NE,No,Yes,Yes,No,No
786,32,Male,Others,Non US,Yes,Yes,No,No,Yes
787,25,Male,United States,CO,No,Yes,Yes,No,Yes
788,37,Male,Others,Non US,No,No,No,Yes,No
789,39,Male,Others,Non US,No,No,Yes,No,Yes
790,29,Male,Others,Non US,No,No,No,No,Yes
791,33,Male,United States,NY,No,No,Yes,No,Yes
792,37,Female,United States,TX,No,No,Yes,Yes,Yes
793,35,Female,United States,LA,No,No,Yes,No,No
794,22,Female,United States,WA,No,Yes,Yes,No,Yes
795,38,Male,United States,MI,No,No,No,No,Yes
796,32,Female,United States,CA,No,Yes,Yes,No,Yes
797,28,Male,Others,Non US,No,No,No,No,Yes
798,27,Male,Others,Non US,No,Yes,No,No,Yes
799,35,Female,United States,CA,No,No,Yes,Yes,Yes
800,29,Male,United States,MD,No,No,No,No,No
801,23,Male,United States,CA,No,Yes,Yes,No,Yes
802,39,Male,United States,CT,No,No,No,Yes,Yes
803,30,Female,United States,CA,No,No,No,No,Yes
804,32,Male,Others,Non US,No,No,No,No,Yes
805,28,Others,United States,CA,No,No,Yes,No,Yes
806,40,Female,United States,WA,No,Yes,Yes,No,No
807,36,Female,United States,CA,No,Yes,No,No,Yes
808,27,Male,United States,IN,No,No,No,Yes,Yes
809,41,Male,United States,TX,No,Yes,No,No,Yes
810,29,Male,Others,Non US,No,No,No,No,Yes
811,29,Male,Others,Non US,No,No,Yes,No,Yes
812,35,Male,United States,MO,No,No,Yes,No,No
813,28,Male,United States,NV,No,No,Yes,Yes,Yes
814,36,Female,Others,Non US,Yes,No,No,Yes,Yes
815,39,Female,United States,WA,No,No,No,No,Yes
816,39,Male,United States,FL,No,Yes,Yes,No,Yes
818,26,Others,Others,Non US,Yes,No,Yes,Yes,Yes
819,35,Male,Others,Non US,Yes,Yes,Yes,No,Yes
820,40,Female,United States,WA,No,Yes,Yes,No,No
821,35,Male,Others,Non US,Yes,Yes,Yes,No,Yes
822,38,Male,United States,IL,No,No,No,Yes,Yes
823,34,Male,United States,FL,No,No,No,Yes,Yes
824,43,Male,United States,MA,No,No,No,No,Yes
825,48,Female,United States,CA,No,Yes,No,No,Yes
826,20,Male,United States,WA,No,No,No,No,Yes
827,40,Male,United States,MI,Yes,No,No,Yes,Yes
828,29,Female,Others,Non US,No,No,Yes,No,Yes
829,35,Male,United States,MI,No,Yes,Yes,No,No
830,29,Male,United States,WI,No,Yes,No,Yes,No
831,40,Male,United States,CA,No,No,No,No,Yes
832,29,Male,Others,Non US,No,No,Yes,No,Yes
833,29,Female,United States,CA,No,Yes,Yes,No,Yes
834,34,Male,United States,TX,No,No,Yes,No,Yes
835,44,Male,Others,Non US,No,Yes,Yes,No,No
836,24,Female,United States,NY,No,Yes,Yes,No,Yes
837,47,Female,United States,PA,No,No,No,Yes,Yes
838,43,Male,Others,Non US,No,Yes,No,No,No
839,36,Male,United States,PA,No,No,No,No,Yes
840,43,Male,United States,GA,No,No,Yes,No,No
841,36,Male,Others,Non US,Yes,No,No,Yes,Yes
842,31,Female,United States,NY,No,Yes,Yes,No,Yes
843,35,Male,United States,CA,No,No,No,No,Yes
844,33,Male,United States,TN,No,Yes,No,No,No
845,37,Male,Others,Non US,No,No,No,No,Yes
846,34,Male,United States,TN,No,No,Yes,No,Yes
847,36,Male,Others,Non US,Yes,No,Yes,No,Yes
848,40,Male,United States,TN,Yes,Yes,Yes,Yes,Yes
849,40,Male,United States,IL,No,No,No,No,Yes
850,42,Male,United States,WI,No,No,Yes,Yes,Yes
851,23,Male,United States,KY,No,Yes,No,Yes,Yes
852,21,Male,Others,Non US,No,Yes,No,No,No
853,26,Male,Others,Non US,No,No,No,Yes,Yes
855,25,Male,United States,CA,No,Yes,No,No,Yes
856,51,Male,United States,MN,No,No,No,Yes,Yes
857,24,Male,United States,TN,No,No,No,No,Yes
858,33,Male,United States,MN,No,No,No,No,Yes
859,32,Male,Others,Non US,No,Yes,Yes,No,No
860,32,Male,Others,Non US,No,Yes,Yes,No,No
861,26,Male,Others,Non US,Yes,No,Yes,Yes,Yes
862,23,Male,United States,IL,No,No,No,No,No
863,33,Male,United States,TN,No,Yes,Yes,Yes,Yes
864,46,Male,United States,IL,No,No,Yes,No,No
865,34,Male,Others,Non US,No,No,No,Yes,Yes
866,35,Male,United States,DC,No,Yes,Yes,No,Yes
867,39,Male,United States,KS,No,No,No,Yes,Yes
868,32,Male,Others,Non US,Yes,No,No,Yes,Yes
869,43,Male,Others,Non US,Yes,No,No,Yes,Yes
870,56,Male,United States,CA,No,No,Yes,Yes,Yes
871,32,Female,Others,Non US,No,Yes,Yes,No,Yes
872,41,Male,Others,Non US,No,No,No,No,No
873,39,Male,United States,TN,No,No,No,Yes,Yes
874,37,Male,United States,OK,No,Yes,No,No,No
875,30,Male,United States,CA,Yes,Yes,Yes,Yes,Yes
876,31,Male,United States,TN,No,No,No,No,Yes
877,29,Male,United States,TX,No,No,No,No,No
878,23,Female,Others,Non US,No,Yes,No,No,No
879,31,Male,United States,CO,No,No,Yes,No,Yes
880,29,Male,United States,TN,No,Yes,Yes,No,Yes
881,30,Male,United States,GA,No,No,No,Yes,Yes
882,37,Male,United States,TN,No,No,No,Yes,Yes
883,36,Male,United States,VA,Yes,No,No,No,Yes
884,35,Male,United States,TN,No,Yes,Yes,Yes,Yes
885,41,Male,United States,DC,No,Yes,No,Yes,No
886,31,Male,Others,Non US,No,No,Yes,No,Yes
887,38,Male,Others,Non US,No,Yes,No,No,No
888,26,Male,Others,Non US,Yes,No,No,No,Yes
889,39,Male,United States,TN,No,Yes,No,No,Yes
890,42,Male,United States,VA,Yes,Yes,No,Yes,No
891,32,Male,United States,TN,Yes,Yes,Yes,Yes,Yes
892,29,Male,United States,TN,No,Yes,No,No,Yes
893,30,Male,United States,TN,No,Yes,No,No,Yes
894,40,Male,United States,TN,No,Yes,Yes,Yes,Yes
895,51,Male,United States,TN,No,No,No,No,No
896,33,Male,United States,IN,No,No,No,No,Yes
897,34,Male,Others,Non US,Yes,No,Yes,Yes,Yes
898,50,Male,United States,VA,Yes,No,No,Yes,Yes
899,24,Male,United States,TX,No,No,No,Yes,Yes
900,25,Male,United States,TX,No,Yes,Yes,No,No
901,43,Male,Others,Non US,No,Yes,Yes,No,Yes
902,25,Female,United States,CA,Yes,No,Yes,No,Yes
903,24,Male,Others,Non US,Yes,No,No,Yes,Yes
904,51,Male,United States,CO,Yes,No,No,No,Yes
905,49,Male,United States,OR,No,Yes,Yes,No,Yes
906,30,Male,United States,OK,No,No,No,Yes,Yes
907,25,Female,United States,OH,No,Yes,Yes,No,Yes
908,36,Male,United States,TN,No,No,Yes,Yes,Yes
909,48,Male,United States,VA,No,No,Yes,No,Yes
910,48,Male,Others,Non US,No,No,Yes,No,Yes
911,53,Male,United States,OR,No,No,Yes,Yes,Yes
912,24,Female,Others,Non US,No,Yes,Yes,Yes,Yes
913,33,Male,United States,OR,No,Yes,Yes,No,Yes
914,25,Female,Others,Non US,No,Yes,Yes,No,Yes
915,30,Male,Others,Non US,No,No,Yes,No,Yes
916,30,Male,United States,PA,Yes,No,No,Yes,Yes
917,34,Male,Others,Non US,Yes,No,Yes,Yes,Yes
918,31,Male,United States,SC,No,No,No,Yes,Yes
919,22,Female,United States,CA,No,Yes,Yes,No,Yes
920,28,Male,United States,TN,No,Yes,No,No,Yes
921,35,Male,United States,UT,No,Yes,Yes,No,No
922,28,Male,United States,CA,No,Yes,Yes,No,No
923,42,Male,Others,Non US,No,No,Yes,No,No
924,33,Male,United States,MO,No,Yes,No,No,Yes
925,29,Male,United States,CA,No,No,No,No,Yes
927,29,Male,United States,NY,No,No,No,No,Yes
928,25,Male,United States,TX,No,No,No,Yes,Yes
929,31,Male,United States,MO,No,Yes,No,No,Yes
930,35,Female,United States,GA,No,Yes,Yes,No,No
931,34,Male,United States,TX,No,No,No,No,Yes
932,43,Male,United States,WA,No,No,Yes,Yes,Yes
933,38,Male,United States,WA,No,Yes,Yes,No,Yes
934,26,Male,United States,WA,No,Yes,Yes,No,Yes
935,38,Male,Others,Non US,Yes,Yes,Yes,Yes,No
936,42,Male,United States,TX,No,No,Yes,No,Yes
937,33,Male,Others,Non US,No,Yes,Yes,No,Yes
938,32,Male,United States,WA,No,No,Yes,No,Yes
939,44,Male,United States,WA,No,Yes,Yes,Yes,Yes
940,28,Male,United States,WA,No,Yes,Yes,No,Yes
941,40,Male,United States,WA,No,Yes,Yes,Yes,Yes
942,31,Female,United States,AZ,No,Yes,Yes,No,Yes
943,32,Male,United States,WA,No,Yes,No,No,Yes
944,28,Male,United States,WA,No,Yes,Yes,No,Yes
945,39,Male,United States,AZ,No,Yes,Yes,No,Yes
946,45,Male,United States,NY,No,No,No,No,No
947,43,Male,United States,WA,No,No,Yes,No,Yes
948,35,Male,United States,CA,No,No,Yes,No,Yes
949,40,Male,United States,WA,No,Yes,Yes,No,Yes
950,34,Male,Others,Non US,No,No,Yes,No,Yes
951,24,Male,Others,Non US,No,Yes,Yes,No,No
952,61,Male,Others,Non US,Yes,No,Yes,Yes,Yes
953,36,Female,United States,WA,No,Yes,Yes,No,Yes
954,38,Male,United States,TN,No,No,No,No,Yes
955,33,Male,Others,Non US,No,Yes,Yes,No,Yes
956,30,Male,United States,WA,No,Yes,No,No,No
957,34,Male,Others,Non US,Yes,Yes,Yes,Yes,Yes
958,26,Male,United States,CA,No,No,Yes,No,Yes
959,33,Male,Others,Non US,No,No,No,No,Yes
960,32,Male,Others,Non US,No,No,No,No,Yes
961,25,Male,Others,Non US,Yes,No,No,Yes,Yes
962,35,Male,Others,Non US,Yes,No,Yes,Yes,No
963,24,Male,Others,Non US,Yes,Yes,No,Yes,Yes
964,55,Male,Others,Non US,No,No,Yes,No,No
965,33,Male,Others,Non US,Yes,Yes,Yes,Yes,Yes
966,26,Female,Others,Non US,Yes,Yes,Yes,Yes,Yes
967,25,Male,Others,Non US,No,No,No,Yes,Yes
968,45,Male,Others,Non US,No,Yes,No,No,No
969,33,Female,Others,Non US,Yes,No,Yes,Yes,Yes
970,43,Male,United States,MI,No,No,No,Yes,Yes
971,30,Male,Others,Non US,Yes,No,Yes,No,Yes
972,40,Male,United States,IN,No,Yes,Yes,No,Yes
973,49,Male,United States,GA,No,Yes,No,No,Yes
974,29,Male,Others,Non US,No,No,No,No,Yes
975,26,Male,Others,Non US,No,No,No,No,Yes
976,38,Male,United States,WA,No,No,No,No,Yes
977,27,Male,Others,Non US,No,Yes,No,No,No
978,26,Male,Others,Non US,No,No,No,No,Yes
979,28,Male,Others,Non US,No,Yes,Yes,No,Yes
980,40,Male,United States,ME,No,Yes,Yes,Yes,Yes
981,37,Female,Others,Non US,Yes,Yes,Yes,Yes,Yes
982,34,Female,Others,Non US,No,Yes,Yes,Yes,No
983,28,Male,United States,NY,No,Yes,Yes,No,Yes
984,27,Male,Others,Non US,No,No,No,No,Yes
985,29,Male,Others,Non US,No,No,Yes,Yes,Yes
986,39,Female,Others,Non US,No,Yes,No,Yes,Yes
987,28,Male,Others,Non US,No,No,No,No,Yes
988,23,Male,United States,PA,No,Yes,No,No,Yes
989,8,Others,Others,Non US,Yes,Yes,Yes,Yes,Yes
990,38,Male,Others,Non US,No,No,No,Yes,Yes
991,19,Male,Others,Non US,No,No,No,No,Yes
992,30,Female,United States,IL,No,Yes,Yes,No,Yes
993,28,Male,Others,Non US,Yes,No,No,Yes,Yes
994,20,Male,Others,Non US,No,No,Yes,No,Yes
995,35,Male,Others,Non US,Yes,No,No,No,Yes
996,39,Male,United States,MN,No,No,Yes,Yes,Yes
997,31,Female,United States,TX,No,Yes,No,No,No
998,32,Male,Others,Non US,No,No,No,No,Yes
999,27,Male,Others,Non US,No,No,No,No,Yes
1000,25,Male,United States,PA,No,Yes,Yes,Yes,Yes
1001,42,Male,United States,IN,No,Yes,Yes,Yes,Yes
1002,34,Male,United States,PA,No,Yes,Yes,No,Yes
1003,26,Female,United States,OH,No,No,Yes,Yes,Yes
1004,35,Male,Others,Non US,No,Yes,Yes,No,Yes
1005,34,Male,Others,Non US,No,No,No,No,Yes
1006,38,Male,United States,PA,No,Yes,Yes,Yes,No
1007,34,Male,United States,SD,No,No,No,No,Yes
1008,39,Male,United States,IN,No,Yes,Yes,Yes,Yes
1009,44,Female,United States,CA,No,No,No,No,Yes
1010,40,Male,United States,TN,No,No,No,No,No
1011,33,Female,United States,TX,Yes,No,No,Yes,Yes
1012,24,Female,United States,TN,No,Yes,No,No,No
1013,38,Female,United States,OR,No,Yes,No,Yes,Yes
1014,31,Male,United States,SD,No,No,No,No,Yes
1015,23,Male,Others,Non US,No,No,No,No,Yes
1016,26,Female,United States,NY,No,No,No,No,Yes
1017,46,Others,United States,CT,No,No,Yes,No,No
1018,30,Male,United States,CA,No,Yes,Yes,Yes,Yes
1020,19,Male,Others,Non US,No,No,No,Yes,Yes
1021,30,Female,United States,GA,No,Yes,Yes,No,No
1022,32,Male,United States,TN,No,No,No,No,Yes
1023,32,Male,Others,Non US,No,No,No,No,Yes
1024,37,Male,United States,IN,No,Yes,No,Yes,Yes
1025,42,Male,United States,CA,No,Yes,Yes,Yes,Yes
1026,25,Female,United States,OR,No,No,No,No,Yes
1027,19,Male,United States,IN,No,No,No,No,Yes
1028,40,Female,United States,GA,No,Yes,No,Yes,Yes
1029,34,Male,United States,IN,No,No,No,No,No
1030,26,Male,United States,MN,No,Yes,No,No,Yes
1031,31,Male,United States,MN,No,Yes,Yes,No,Yes
1032,40,Male,United States,NC,No,Yes,No,Yes,No
1033,31,Female,United States,FL,No,Yes,Yes,No,Yes
1034,36,Male,United States,MN,No,No,No,No,No
1035,35,Male,Others,Non US,No,Yes,No,Yes,Yes
1036,26,Male,Others,Non US,No,Yes,Yes,Yes,Yes
1037,44,Male,United States,MO,No,No,No,Yes,No
1038,34,Female,United States,CA,No,No,No,No,Yes
1039,35,Male,United States,OR,No,No,No,Yes,Yes
1040,28,Female,United States,OH,No,Yes,Yes,Yes,Yes
1041,33,Male,United States,NY,No,No,No,Yes,Yes
1042,40,Male,United States,WI,No,Yes,Yes,Yes,Yes
1043,26,Male,United States,WA,No,No,Yes,No,Yes
1044,29,Female,Others,Non US,No,No,Yes,No,No
1045,26,Female,Others,Non US,No,Yes,Yes,No,Yes
1046,33,Male,Others,Non US,No,Yes,Yes,No,Yes
1047,28,Male,Others,Non US,No,Yes,No,No,Yes
1048,41,Male,United States,IL,Yes,No,Yes,Yes,No
1049,39,Male,Others,Non US,Yes,Yes,Yes,Yes,Yes
1050,26,Female,United States,WA,No,Yes,Yes,No,Yes
1051,23,Female,United States,IL,No,Yes,No,No,No
1052,35,Male,Others,Non US,No,Yes,Yes,No,Yes
1053,36,Male,United States,FL,No,No,No,Yes,Yes
1054,42,Male,United States,TN,No,No,No,No,No
1055,39,Male,United States,WA,No,Yes,Yes,No,Yes
1056,27,Male,United States,CA,No,No,No,No,Yes
1057,33,Male,United States,FL,Yes,No,No,Yes,Yes
1058,31,Male,Others,Non US,No,Yes,Yes,No,Yes
1059,28,Female,United States,OR,No,No,Yes,No,Yes
1060,29,Female,United States,NJ,No,No,Yes,Yes,No
1061,27,Male,United States,CA,No,No,Yes,No,Yes
1062,44,Male,United States,FL,Yes,No,No,Yes,Yes
1063,25,Male,United States,UT,No,No,Yes,Yes,Yes
1064,24,Male,Others,Non US,No,Yes,Yes,No,Yes
1065,25,Male,Others,Non US,No,Yes,Yes,No,No
1066,34,Male,United States,NJ,No,No,No,Yes,Yes
1067,26,Male,United States,PA,No,No,No,No,No
1068,48,Male,United States,IN,No,No,No,No,No
1069,34,Male,Others,Non US,No,No,No,Yes,Yes
1070,39,Female,United States,OH,No,No,Yes,Yes,Yes
1071,43,Male,United States,OH,No,No,No,Yes,Yes
1072,41,Male,United States,IL,No,No,No,No,Yes
1073,25,Male,United States,IN,No,No,No,No,No
1074,31,Male,United States,CA,No,No,Yes,No,Yes
1075,40,Male,United States,WA,No,Yes,Yes,No,Yes
1076,43,Male,United States,VA,Yes,Yes,Yes,Yes,Yes
1077,27,Female,United States,WA,No,Yes,Yes,No,Yes
1078,37,Female,United States,NJ,No,Yes,Yes,Yes,Yes
1079,32,Male,Others,Non US,Yes,No,Yes,No,Yes
1080,25,Male,United States,UT,No,Yes,Yes,No,Yes
1081,29,Male,Others,Non US,No,Yes,Yes,No,Yes
1082,30,Female,United States,TN,No,Yes,Yes,No,No
1083,34,Female,Others,Non US,No,Yes,Yes,No,No
1084,32,Male,Others,Non US,No,Yes,Yes,No,No
1085,37,Male,Others,Non US,No,No,No,No,Yes
1086,41,Male,Others,Non US,No,No,Yes,No,Yes
1087,38,Male,United States,IN,No,Yes,No,No,No
1088,32,Male,United States,IN,No,No,Yes,No,Yes
1089,28,Female,United States,CA,No,Yes,Yes,No,Yes
1090,11,Male,United States,OH,Yes,No,No,Yes,Yes
1091,43,Male,United States,TX,No,Yes,No,No,No
1092,32,Male,United States,TN,No,Yes,Yes,No,Yes
1093,25,Male,United States,WA,No,No,Yes,No,Yes
1094,37,Male,United States,UT,No,No,Yes,No,Yes
1095,36,Male,United States,AL,Yes,No,Yes,No,No
1096,24,Male,United States,WI,No,Yes,Yes,Yes,Yes
1097,40,Male,United States,WA,No,Yes,Yes,No,Yes
1098,29,Male,United States,WI,No,No,No,No,No
1099,43,Male,United States,NY,No,No,No,No,Yes
1100,29,Male,United States,NY,No,No,No,Yes,Yes
1101,26,Male,United States,OH,No,Yes,No,No,Yes
1102,33,Female,Others,Non US,Yes,Yes,Yes,Yes,Yes
1103,35,Female,United States,WA,No,Yes,No,Yes,Yes
1104,45,Male,United States,CA,No,No,No,Yes,Yes
1105,25,Male,United States,SC,No,No,Yes,Yes,Yes
1106,50,Male,Others,Non US,Yes,No,Yes,Yes,Yes
1107,26,Male,Others,Non US,No,Yes,Yes,No,Yes
1108,33,Female,United States,CA,No,No,Yes,No,Yes
1109,30,Male,Others,Non US,No,No,No,No,Yes
1110,33,Male,Others,Non US,No,Yes,Yes,Yes,Yes
1111,29,Male,Others,Non US,No,No,Yes,No,Yes
1112,37,Male,Others,Non US,No,No,No,Yes,Yes
1113,25,Male,United States,MN,No,Yes,Yes,Yes,Yes
1114,40,Male,United States,WA,No,No,No,No,No
1115,24,Male,Others,Non US,No,No,No,No,Yes
1116,40,Male,Others,Non US,No,No,Yes,No,Yes
1117,46,Male,United States,PA,No,Yes,Yes,No,Yes
1118,38,Male,United States,NY,No,Yes,Yes,No,No
1119,34,Male,United States,VT,No,No,No,Yes,Yes
1120,32,Male,Others,Non US,Yes,No,Yes,No,Yes
1121,44,Male,Others,Non US,No,No,Yes,No,No
1122,33,Female,Others,Non US,No,No,Yes,No,Yes
1123,45,Female,United States,MI,No,No,Yes,No,No
1124,35,Male,United States,NY,No,No,No,No,Yes
1125,26,Male,Others,Non US,Yes,Yes,Yes,No,Yes
1126,20,Female,United States,NY,No,No,Yes,Yes,Yes
1128,37,Male,Others,Non US,No,Yes,No,No,Yes
1129,28,Male,United States,MI,No,No,No,No,No
1130,42,Female,United States,WA,No,Yes,Yes,No,No
1131,32,Male,Others,Non US,No,No,No,No,Yes
1132,36,Female,United States,TN,No,Yes,Yes,Yes,Yes
1133,27,Male,Others,Non US,No,No,No,No,Yes
1134,27,Male,Others,Non US,No,No,No,No,Yes
1135,27,Male,Others,Non US,No,No,Yes,No,No
1136,25,Male,Others,Non US,No,Yes,Yes,Yes,Yes
1137,41,Male,Others,Non US,No,Yes,No,No,Yes
1138,23,Male,Others,Non US,No,Yes,Yes,No,Yes
1139,21,Male,Others,Non US,No,No,Yes,No,No
1140,26,Male,Others,Non US,No,No,Yes,No,Yes
1141,29,Male,Others,Non US,No,No,No,No,Yes
1142,28,Male,Others,Non US,No,No,No,No,No
1143,27,Female,Others,Non US,No,Yes,No,No,No
1144,23,Male,Others,Non US,No,No,No,No,No
1145,26,Female,United States,NY,No,Yes,No,Yes,Yes
1146,38,Male,Others,Non US,No,Yes,Yes,No,Yes
1147,39,Male,Others,Non US,No,Yes,Yes,No,No
1148,35,Male,United States,IN,No,Yes,Yes,No,No
1149,32,Male,United States,NC,No,No,No,No,Yes
1150,32,Male,United States,CA,No,No,Yes,No,Yes
1151,26,Male,Others,Non US,No,No,No,No,Yes
1152,38,Male,Others,Non US,No,Yes,Yes,No,Yes
1153,34,Female,Others,Non US,No,Yes,No,No,No
1154,39,Male,United States,TN,No,Yes,Yes,No,No
1155,32,Male,Others,Non US,Yes,No,No,Yes,Yes
1156,37,Male,Others,Non US,Yes,No,No,Yes,Yes
1157,31,Male,Others,Non US,No,Yes,Yes,No,Yes
1158,30,Male,United States,MN,No,Yes,Yes,No,Yes
1159,51,Male,Others,Non US,No,No,No,Yes,Yes
1160,29,Male,United States,NC,No,No,Yes,No,Yes
1161,31,Male,Others,Non US,No,No,No,No,Yes
1162,31,Male,Others,Non US,No,No,No,No,Yes
1163,26,Male,United States,TX,No,Yes,Yes,Yes,Yes
1164,46,Female,United States,CA,No,No,Yes,Yes,No
1165,32,Male,United States,CA,No,Yes,No,No,Yes
1166,29,Male,United States,IL,No,Yes,Yes,No,No
1167,34,Male,Others,Non US,No,No,No,Yes,Yes
1168,26,Male,Others,Non US,No,No,No,No,Yes
1169,32,Female,United States,PA,No,No,Yes,No,Yes
1170,29,Male,United States,IL,No,No,No,No,Yes
1171,30,Male,United States,IL,No,No,No,No,No
1172,40,Female,United States,MN,No,Yes,Yes,No,Yes
1173,23,Male,Others,Non US,No,No,Yes,No,Yes
1174,20,Male,Others,Non US,No,No,No,No,No
1175,38,Male,United States,NY,No,Yes,No,No,Yes
1176,26,Female,United States,MI,No,Yes,Yes,No,Yes
1177,29,Male,United States,OH,No,No,No,No,Yes
1178,40,Male,Others,Non US,Yes,No,No,Yes,Yes
1179,25,Female,Others,Non US,No,No,Yes,Yes,Yes
1180,32,Female,United States,NY,No,No,Yes,No,Yes
1181,38,Male,United States,CA,No,Yes,Yes,No,No
1182,72,Female,United States,IN,No,Yes,Yes,Yes,No
1183,35,Female,United States,IN,No,Yes,Yes,Yes,Yes
1184,28,Female,United States,VA,No,No,Yes,No,Yes
1185,27,Female,United States,OK,No,No,No,No,No
1186,56,Female,United States,OR,Yes,No,No,Yes,Yes
1187,38,Male,United States,AL,No,Yes,Yes,Yes,Yes
1188,31,Female,Others,Non US,No,No,No,No,Yes
1189,40,Male,United States,AL,No,Yes,Yes,No,Yes
1190,44,Male,United States,OH,No,Yes,Yes,No,Yes
1191,34,Male,Others,Non US,No,Yes,No,No,Yes
1192,37,Male,Others,Non US,No,No,No,Yes,Yes
1193,38,Male,Others,Non US,No,No,No,No,Yes
1194,27,Male,Others,Non US,No,No,No,No,Yes
1195,34,Female,Others,Non US,No,No,Yes,No,No
1196,35,Female,Others,Non US,No,No,No,No,Yes
1197,34,Male,Others,Non US,No,No,Yes,No,Yes
1198,32,Male,United States,TX,No,No,Yes,Yes,Yes
1199,25,Male,Others,Non US,No,No,No,No,Yes
1200,28,Male,Others,Non US,No,No,Yes,Yes,Yes
1201,28,Female,United States,TX,No,No,Yes,No,Yes
1202,31,Male,Others,Non US,Yes,No,Yes,No,Yes
1203,24,Male,Others,Non US,No,No,No,No,Yes
1204,34,Male,Others,Non US,No,Yes,Yes,Yes,Yes
1205,32,Male,Others,Non US,No,No,Yes,No,Yes
1206,34,Male,Others,Non US,No,Yes,No,Yes,No
1207,23,Male,United States,TX,No,No,Yes,No,Yes
1208,33,Male,Others,Non US,No,Yes,No,No,Yes
1209,29,Male,Others,Non US,No,Yes,Yes,No,Yes
1210,24,Male,Others,Non US,No,Yes,No,No,Yes
1211,45,Male,Others,Non US,No,No,No,Yes,Yes
1212,34,Female,Others,Non US,No,No,Yes,No,No
1213,31,Male,Others,Non US,No,No,No,No,Yes
1214,33,Male,United States,FL,No,No,Yes,Yes,Yes
1215,28,Male,Others,Non US,No,No,No,No,Yes
1216,27,Male,Others,Non US,No,No,No,Yes,No
1217,42,Male,Others,Non US,No,No,No,No,Yes
1218,28,Male,Others,Non US,No,No,No,No,Yes
1219,38,Male,United States,TX,No,No,Yes,Yes,Yes
1220,46,Male,United States,CA,No,Yes,Yes,No,Yes
1221,46,Male,United States,MD,No,Yes,Yes,Yes,Yes
1222,41,Female,Others,Non US,Yes,No,Yes,Yes,Yes
1223,23,Male,Others,Non US,No,No,No,No,Yes
1224,24,Male,Others,Non US,No,Yes,Yes,No,Yes
1225,23,Female,Others,Non US,No,No,Yes,No,Yes
1226,39,Male,Others,Non US,No,No,No,No,No
1227,32,Female,Others,Non US,No,Yes,No,No,Yes
1228,25,Male,United States,MN,No,Yes,Yes,No,Yes
1229,39,Male,Others,Non US,No,No,No,Yes,Yes
1230,23,Female,Others,Non US,No,Yes,Yes,No,Yes
1231,24,Male,Others,Non US,Yes,No,Yes,Yes,Yes
1232,25,Male,Others,Non US,No,Yes,Yes,No,No
1233,23,Male,Others,Non US,No,No,Yes,No,Yes
1234,24,Others,Others,Non US,No,No,Yes,No,No
1235,23,Male,Others,Non US,No,No,Yes,No,Yes
1236,60,Male,United States,CA,No,No,Yes,Yes,Yes
1237,28,Male,Others,Non US,No,No,No,No,Yes
1238,28,Male,United States,TN,No,Yes,Yes,No,No
1239,30,Male,Others,Non US,No,No,No,No,Yes
1240,31,Male,Others,Non US,No,Yes,Yes,No,Yes
1241,31,Male,Others,Non US,Yes,No,Yes,Yes,Yes
1242,28,Male,Others,Non US,No,No,Yes,No,Yes
1243,43,Female,United States,FL,No,Yes,Yes,Yes,Yes
1244,32,Female,Others,Non US,No,No,No,No,No
1245,22,Male,Others,Non US,No,Yes,Yes,No,No
1246,32,Male,United States,OR,No,No,No,No,Yes
1247,36,Male,Others,Non US,No,No,Yes,No,Yes
1248,41,Female,United States,WA,No,Yes,Yes,No,Yes
1249,30,Male,United States,CA,No,Yes,Yes,No,Yes
1250,30,Male,United States,CA,Yes,Yes,Yes,No,Yes
1251,36,Male,Others,Non US,No,Yes,Yes,No,No
1252,29,Male,United States,NC,No,Yes,Yes,Yes,Yes
1253,36,Male,United States,UT,No,Yes,No,No,No
1254,26,Male,Others,Non US,No,No,Yes,No,Yes
1255,32,Male,United States,IL,No,Yes,Yes,Yes,Yes
1256,34,Male,United States,CA,No,Yes,Yes,No,Yes
1257,46,Female,United States,NC,No,No,No,Yes,Yes
1258,25,Male,United States,IL,No,Yes,Yes,No,No
